"id","tool","phrase","lang","repo","file","file_url","raw_url","stars","forks","desc","loc","snippet"
1,"codeium","generated by","TypeScript","IbrohimMirxoshimov/library-nest","src/prisma/prisma.utils.ts","https://github.com/IbrohimMirxoshimov/library-nest/blob/f8508ad8488fd0bb5c089b7aac16750de0019cee/src/prisma/prisma.utils.ts","https://raw.githubusercontent.com/IbrohimMirxoshimov/library-nest/HEAD/src/prisma/prisma.utils.ts",3,0,"",23,"import { Prisma } from '@prisma/client';  /**  * Constructs a case-insensitive Prisma StringFilter object based on the provided value.  *  * @param value - The string to be used for creating the filter. If undefined, no filter is created.  * @returns A Prisma.StringFilter with the 'contains' mode set to 'insensitive', or undefined if no value is provided.  *  * Description auto generated by Codeium  */ export function ilike(value?: string) {   if (value) {     const string_filter: Prisma.StringFilter<any> = {       contains: value,       mode: 'insensitive',     };      return string_filter;   }    return undefined; } "
2,"codeium","generated by","TypeScript","bijuabraham/genailoc","src/detector.ts","https://github.com/bijuabraham/genailoc/blob/e3657f15865d72c173c97cceab1016d32be77fce/src/detector.ts","https://raw.githubusercontent.com/bijuabraham/genailoc/HEAD/src/detector.ts",1,0,"GenAI LOC Counter",429,"/**  * detector.ts  *   * This file contains the logic for detecting AI-generated code in VS Code.  * It monitors text document change events and uses heuristics based on:  * - The number of lines added in a single change  * - The number of characters added in a single change  * - The timing between large insertions  * - The presence of specific AI coding extensions  *   * The detector supports multiple AI coding assistants including GitHub Copilot,  * Cline/Claude, Codeium, Tabnine, and Aider.  */  import * as vscode from 'vscode';  // Track the last time a large chunk of text was inserted // This is used for timing-based detection heuristics let lastLargeInsertTime = 0;  // Map extension IDs to their common names for reporting // This allows for consistent naming in logs and UI regardless of the actual extension ID const extensionNameMap: Record<string, string> = {     'GitHub.copilot': 'copilot',     'Codeium.codeium': 'codeium',     'tabnine.tabnine-vscode': 'tabnine',     'aider.edge-ai': 'aider',     'anthropic.claude': 'cline', // Report Claude as Cline     'anthropic.cline': 'cline' };  /**  * Detection thresholds for different AI coding assistants  *   * Each AI tool has unique patterns in how it inserts code, which we can use for detection:  * - LARGE_INSERT_THRESHOLD: Minimum number of lines added to consider it a ""large insertion""  * - CHARACTER_INSERT_THRESHOLD: Minimum number of characters added to consider it a ""large insertion""  * - TIMING_THRESHOLD: Maximum time (in ms) between related insertions to consider them connected  *   * These thresholds are based on observed behavior and may need adjustment over time  * as the AI tools evolve or as we gather more user data.  */  // GitHub Copilot detection thresholds const COPILOT_LARGE_INSERT_THRESHOLD = 1; // Lines const COPILOT_CHARACTER_INSERT_THRESHOLD = 50; // Characters const COPILOT_TIMING_THRESHOLD = 6000; // ms  // Cline/Claude detection thresholds const CLINE_LARGE_INSERT_THRESHOLD = 2; // Lines const CLINE_CHARACTER_INSERT_THRESHOLD = 80; // Characters const CLINE_TIMING_THRESHOLD = 6000; // ms  // Codeium detection thresholds const CODEIUM_LARGE_INSERT_THRESHOLD = 12; // Lines const CODEIUM_CHARACTER_INSERT_THRESHOLD = 120; // Characters const CODEIUM_TIMING_THRESHOLD = 1200; // ms  // Tabnine detection thresholds const TABNINE_LARGE_INSERT_THRESHOLD = 8; // Lines const TABNINE_CHARACTER_INSERT_THRESHOLD = 80; // Characters const TABNINE_TIMING_THRESHOLD = 800; // ms  // Aider detection thresholds const AIDER_LARGE_INSERT_THRESHOLD = 3; // Lines const AIDER_CHARACTER_INSERT_THRESHOLD = 150; // Characters const AIDER_TIMING_THRESHOLD = 6000; // ms   /**  * This is a test function  * Calculate total lines and characters added in a text document change event  * Also calculates timing information relative to last large insert and extracts the reason  *   * This function processes VS Code's TextDocumentChangeEvent to extract metrics  * that are used by the detection algorithms to identify AI-generated code.  *   * @param event - The VS Code text document change event to analyze  * @returns Object containing calculated metrics about the change  */ export function calculateChanges(event: vscode.TextDocumentChangeEvent): {      totalLinesAdded: number,      totalCharsAdded: number,     timingSinceLastInsert: number,     reason: number } {     let totalLinesAdded = 0;     let totalCharsAdded = 0;          event.contentChanges.forEach(change => {         const newLineCount = (change.text.match(/\n/g) || []).length;         totalLinesAdded += newLineCount;         totalCharsAdded += change.text.length;     });          // Calculate timing information     const timingSinceLastInsert = Date.now() - lastLargeInsertTime;          // Extract the reason from the event     const reason = event.reason !== undefined ? event.reason : 1; // Default to 1 (Edits) if undefined          return {          totalLinesAdded,          totalCharsAdded,         timingSinceLastInsert,         reason     }; }  /**  * Detect if code was generated by GitHub Copilot  *   * This function applies GitHub Copilot-specific heuristics to determine if  * a text change was likely generated by Copilot. It checks:  * 1. If the Copilot extension is active  * 2. If the change exceeds Copilot's typical insertion thresholds  * 3. If the change timing matches Copilot's behavior pattern  *   * @param event - The VS Code text document change event to analyze  * @param activeExtensions - List of active extension IDs  * @returns boolean indicating whether the change was likely from Copilot  */ function detectCopilot(event: vscode.TextDocumentChangeEvent, activeExtensions: string[]): boolean {     if (!activeExtensions.includes('GitHub.copilot')) {         return false;     }          const { totalLinesAdded, totalCharsAdded } = calculateChanges(event);          // Check if this is a large insertion (exceeds either threshold)     const isLargeInsertion = totalLinesAdded > COPILOT_LARGE_INSER"
3,"codeium","use","JavaScript","4bb0n/tankgamecomplicated","domination.js","https://github.com/4bb0n/tankgamecomplicated/blob/a89f764b8b6d8ff224f67ed65594ca2177f6824a/domination.js","https://raw.githubusercontent.com/4bb0n/tankgamecomplicated/HEAD/domination.js",0,0,"a similar version of arras io. - well I hope it will be as good",30,"/* Please note that some of the code is AI generated. Though of course, most of the code is written by me.  Code generated or edited by AI wil have A LOT of comments.  Some other code are edited by AI or just simply AI's Idea or solution that is written by me.  I use codeium to make coding process easier and quicker. I also use Prettier to make my code look better.  Author: 4bb0n / Abbon  AIs used: Codeium - Code completion. basically make your code quicker to write. Definitely recommend this aftre Github Copilot. ChatGPT 4o - backup for 3o ChatGPT 3o mini - shootBullet() function, bullet positioning, inspire fix ideas. DeepSeek R1 DeepSeek V3 - very good, but sometimes forgetful. Gemini 2.5 Pro - made grid.  Shoutout to especially ChatGPT 3o mini, DeepSeek V3(version 3024) and Gemini 2.5 Pro - Got most of the prompts in one shot. */   let dominators = [ // note that dominators and boss are flipped around so boss behaves like a dominator but dominator behaves like a boss ]; let bosses = [     new Boss(1500, canvas.height, 50, 50, 0, 140, 2, bossBulletSpeed, 0, movementSpeed, 0, ""red"", socket.id, mapPosition, ""gunner""), ]; "
4,"codeium","use","JavaScript","SachinX01/i-Fest","src/assets/eventsData.js","https://github.com/SachinX01/i-Fest/blob/19659695a866b0824a01c5ace53547ed591f6d7a/src/assets/eventsData.js","https://raw.githubusercontent.com/SachinX01/i-Fest/HEAD/src/assets/eventsData.js",0,0,"",226,"import webathon from ""./Events/web.jpeg"" import techexpo from ""./Events/techexpo.jpeg"" import techhead  from ""./Events/techhead.jpeg"" import memebuzz from ""./Events/meme.jpeg""  export const eventsData = [   {     id: 1,     image: webathon,     name: ""WEB-A-THON"",     description:       ""A web dev based 5 hrs event. Individual Participation. Build Frontend and Backend based on the Problem Statement Given to you."",     rules: [       "" ---GENERAL RULES--- "",       ""Eligibility: Individual participation; prior registration required."",       ""Code of Conduct: Ethical practices mandatory; cheating or plagiarism leads to disqualification."",       ""Allowed Tools: Use Codeium, Cursor, Google, and StackOverflow. Direct Al code generation is prohibited."",       ""Submission: Round 2 projects must be uploaded to GitHub with a shared repository link."",       ""Originality: Projects must be created from scratch during the event. Pre-existing work is disallowed."",        "" "",       "" ---Round 1: Quiz Round---"",       ""Format: Three web development questions; all must be answered correctly to advance."",       ""Topics: HTML, CSS, JavaScript fundamentals, frameworks, and problem-solving."",       ""Prohibited: Sharing answers and using Al-generated responses."",       "" "",       "" ---Round 2: Development Round---"",       ""Format: Build a website based on a provided problem statement within [time limit]."",       ""Submission: Upload to GitHub with a README.md including project description and setup instructions."",       ""Evaluation: Judged on functionality, design, code quality, innovation, and timely submission."",       ""Prohibited: Al-generated code, collaboration, or using pre-existing templates."",     ],     prizes: [""Certificate for winners"",""E-Certificate of Participation""],     team: ""Individuals"",     contactInfo: [       ""Sachinkumar Nishad : 7738205133"",     ],     location: ""Computer-Lab"",     date: ""12:30PM, 17th Jan 2025"",     note: [       ""Individual participation; prior registration required."",     ],     link: ""https://docs.google.com/forms/d/e/1FAIpQLSf4IBy-err3q23gso80J2rst6_3uAjSwSiIZvxzRCgMSfcgOg/viewform"",   },   {     id: 2,     image: techexpo,     name: ""TechExpo"",     description:[       ""Project Exhibition . Project should be based on Hardware or Software. Team size 2-5 members.""     ],     rules: [       "" ---General Rules---"",       "" Objective: Showcase and explain innovative IT/CS projects to an audience and judges."",       "" Team Size: 2-4 students per team; cross-class collaboration not allowed."",       "" Unique Projects: Projects must be original and not previously showcased."",       "" "",       "" ---Registration Rules---"",       "" Deadline: Register by the given deadline; late registrations are not accepted."",       "" Details: Submit project title, abstract (100-200 words), team member list, and roles."",       "" Prototype: Submit a functional prototype for validation one week before the event."",       "" Approval: Only approved prototypes can participate."",       "" "",       "" ---Exhibition Rules---"",       "" Setup: Teams get a booth/stall; additional hardware/software arrangements are the team's responsibility."",       "" Presentation: Prepare a 5-minute oral presentation and Q&A session. Visual aids like posters or demo videos encouraged."",       "" Professionalism: Teams must remain at their booths and interact professionally."",       "" "",       "" ---Project Guidelines---"",       "" Originality: Projects must be original; plagiarism or prebuilt solutions lead to disqualification."",       "" Technology: Any programming language, framework, or technology is allowed."",       "" Innovation: Projects should showcase creativity and real-world applicability."",       "" Functionality: Prototypes must demonstrate core features, even if incomplete."",       "" "",       "" ---Submission and Approval---"",       "" Prototype: Submit a functional prototype with documentation (overview, tech stack, features, and roadmap)."",       "" Deadline: Prototypes must be submitted by the deadline; late submissions lead to disqualification."",       "" Validation: Projects are reviewed for alignment with event objectives."",       "" "",       "" ---Judging Criteria---"",       ""1. Innovation & Creativity: 30%"",       ""2. Real-World Applicability: 25%"",       ""3. Prototype Functionality: 20%"",       ""4. Presentation Quality: 15%"",       ""5. Team Collaboration: 10%"",       "" "",       "" ---Disqualification---"",       "" Plagiarized or prebuilt projects."",       "" Late or incomplete prototype submissions."",       "" Repeated projects or unprofessional behavior."",       "" "",       "" ---Event Day Guidelines---"",       "" Booths: Assigned on a first-come, first-served basis."",       "" Timing: Arrive 30 minutes early for setup."",       "" Cleanliness: Maintain booth cleanliness."",       "" Power Backup: Ensure backup plans for hardware requiring power.""      ],     prizes: [""Certificate for winners"",""E-Certificate of Participation""],     team: ""4-5 m"
5,"codeium","use","JavaScript","Passive-coder0/E-Commerce","Backend/controllers/cart.controller.js","https://github.com/Passive-coder0/E-Commerce/blob/ecc3641a7feaece84d884aa0a0085c9d93f0bd42/Backend/controllers/cart.controller.js","https://raw.githubusercontent.com/Passive-coder0/E-Commerce/HEAD/Backend/controllers/cart.controller.js",0,0,"A Fully Functional Full Stack E-Commerce App. Built using Mern Stack, TailwindCss, Redis and cloudinary",107,"import Product from ""../models/product.model.js""; import User from ""../models/user.model.js"";  export const getCartProducts = async (req, res) => {     try {       const products = await Product.find({_id: {$in: req.user.cartItems}});          // This needs to be explained honestly!!!         //Use Codeium         const cartItem = products.map(product => {             const item = req.user.cartItems.find(cartItem => {cartItem.toString() === product._id.toString()});             return { ...product.toJSON(), quantity: item.quantity };         })      } catch (error) {       console.log(""server error in getCartProducts: "" + error.message);       res         .status(501)         .json({           message: ""Server error in getCartProducts"",           error: error.message,         });     }   };  export const addToCart = async (req, res) => {   try {     const { productId } = req.body;     const user = req.user;      const existingItem = user.cartItems.find((item) => item.id === productId);      // If it exists just increase the quantity     if (existingItem) {       existingItem.quantity += 1;     }     // If doesn't then just create a new one     else {       user.cartItems.push(productId);     }      await user.save();     res.json(user.cartItems);   } catch (error) {     console.log(""Error in addToCart controller: "" + error.message);     res       .status(500)       .json({ message: ""Server error in addToCart"", error: error.message });   } };  export const removeAllFromCart = async (req, res) => {   try {     const { productId } = req.body;     const user = req.user;      if (!productId) {       user.cartItems = [];     }     // Removes the item and ignores others     else {       user.cartItems = user.cartItems.filter((item) => item.id !== productId);     }     await user.save();     res.json(user.cartItems);   } catch (error) {     console.log(""server error in removeAllFromCart: "" + error.message);     res       .status(501)       .json({         message: ""Server error in removeAllFromCart"",         error: error.message,       });   } };  export const updateQuantity = async (req, res) => {   try {     const { id: productId } = req.params;     const { quantity } = req.body;     const user = req.user;     const existingItem = user.cartItems.find((item) => item.id === productId);      if (existingItem) {       if (quantity === 0) {         user.cartItems = user.cartItems.filter((item) => item.id !== productId);         await user.save();         return res.json(user.cartItems);       }        existingItem.quantity = quantity;       await user.save();       res.json(user.cartItems);     } else {       res.status(404).json({ message: ""Product  not found"" });     }   } catch (error) {     console.log(""server error in updateQuantity: "" + error.message);     res       .status(501)       .json({         message: ""Server error in updateQuantity"",         error: error.message,       });   } }; "
6,"codeium","use","JavaScript","4bb0n/tankgamecomplicated","mechanics.js","https://github.com/4bb0n/tankgamecomplicated/blob/a89f764b8b6d8ff224f67ed65594ca2177f6824a/mechanics.js","https://raw.githubusercontent.com/4bb0n/tankgamecomplicated/HEAD/mechanics.js",0,0,"a similar version of arras io. - well I hope it will be as good",1119,"/* Please note that some of the code is AI generated. Though of course, most of the code is written by me.  Code generated or edited by AI wil have A LOT of comments.  Some other code are edited by AI or just simply AI's Idea or solution that is written by me.  I use codeium to make coding process easier and quicker. I also use Prettier to make my code look better.  Author: 4bb0n / Abbon  AIs used: Codeium - Code completion. basically make your code quicker to write. Definitely recommend this aftre Github Copilot. ChatGPT 4o - backup for 3o ChatGPT 3o mini - shootBullet() function, bullet positioning, inspire fix ideas. DeepSeek R1 DeepSeek V3 - very good, but sometimes forgetful. Gemini 2.5 Pro - made grid.  Shoutout to especially ChatGPT 3o mini, DeepSeek V3(version 3024) and Gemini 2.5 Pro - Got most of the prompts in one shot. */   const canvas = document.getElementById(""canvas""); const ctx = canvas.getContext(""2d""); const socket = io() let offsetx = 0; let offsety = 0; const gridSize = 30; const gridColor = '#d3d3d3'; let friction = 0.9;  class Tank {   constructor(     x,     y,     width,     height,     angle,     health,     bodyDamage,     bulletSpeed,     bulletPenetration,     movementSpeed,     regeneration,     colour,     id,     immune,     maxHealth   ) {     this.x = x;     this.y = y;     this.width = width;     this.height = height;     this.angle = angle;     this.speed = movementSpeed;     this.regeneration = regeneration;     this.bodyDamage = bodyDamage;     this.bulletSpeed = bulletSpeed;     this.bulletPenetration = bulletPenetration;     this.colour = colour;     this.health = health;     this.maxHealth = maxHealth;     this.diameter = 30;     this.id = id;     this.mapPosition = { x: canvas.width / 2, y: canvas.height / 2 };     this.immune = immune;   }    updateAngle(mouseX, mouseY) {     const dx = mouseX - canvas.width / 2; // Use tank's center (not x + width / 2)     const dy = mouseY - canvas.height / 2;     this.angle = Math.atan2(dy, dx);   }    move() {       if (keys.has(""ArrowUp"") || keys.has(""w"")) {         this.y -= this.speed;         enemies.forEach((enemy) => {           enemy.y += this.speed;         });         this.mapPosition.y = this.y;         bullets.forEach((bullet) => {           bullet.y += this.speed;         });         mazeBlocks.forEach((block) => {           block.y += this.speed;         });         immune = false;         offsety += this.speed;         bosses.forEach((boss) => {           boss.y += this.speed;         })         bossBullets.forEach((bullet) => {           bullet.y += this.speed;         });         dominators.forEach(dominator => {             dominator.y += this.speed         });         dominatorBullets.forEach((bullet) => {           bullet.y += this.speed;         });       }       if (keys.has(""ArrowDown"") || keys.has(""s"")) {         this.y += this.speed;         enemies.forEach((enemy) => {           enemy.y -= this.speed;         });         this.mapPosition.y = this.y;         bullets.forEach((bullet) => {           bullet.y -= this.speed;         });         mazeBlocks.forEach((block) => {           block.y -= this.speed;         });         immune = false;         offsety -= this.speed;         bosses.forEach((boss) => {           boss.y -= this.speed;         })         bossBullets.forEach((bullet) => {           bullet.y -= this.speed;         });         dominators.forEach(dominator => {             dominator.y -= this.speed         });         dominatorBullets.forEach((bullet) => {           bullet.y -= this.speed;         });       }       if (keys.has(""ArrowLeft"") || keys.has(""a"")) {         this.x -= this.speed;         enemies.forEach((enemy) => {           enemy.x += this.speed;         });         this.mapPosition.x = this.x;         bullets.forEach((bullet) => {           bullet.x += this.speed;         });         mazeBlocks.forEach((block) => {           block.x += this.speed;         });         immune = false;         offsetx += this.speed;         bosses.forEach((boss) => {           boss.x += this.speed;         })         bossBullets.forEach((bullet) => {           bullet.x += this.speed;         });         dominators.forEach(dominator => {             dominator.x += this.speed         })         dominatorBullets.forEach((bullet) => {           bullet.x += this.speed;         });       }       if (keys.has(""ArrowRight"") || keys.has(""d"")) {         this.x += this.speed;         enemies.forEach((enemy) => {           enemy.x -= this.speed;         });         this.mapPosition.x = this.x;         bullets.forEach((bullet) => {           bullet.x -= this.speed;         });         mazeBlocks.forEach((block) => {           block.x -= this.speed;         });         immune = false;         offsetx -= this.speed;         bosses.forEach((boss) => {           boss.x -= this.speed;         })         bossBullets.forEach((bullet) => {           bullet.x -= this.speed;         });         dominators.forEach(dominat"
7,"codeium","use","JavaScript","4bb0n/tankgamecomplicated","index.js","https://github.com/4bb0n/tankgamecomplicated/blob/a89f764b8b6d8ff224f67ed65594ca2177f6824a/index.js","https://raw.githubusercontent.com/4bb0n/tankgamecomplicated/HEAD/index.js",0,0,"a similar version of arras io. - well I hope it will be as good",1327,"/* Please note that some of the code is AI generated. Though of course, most of the code is written by me.  Code generated or edited by AI wil have A LOT of comments.  Some other code are edited by AI or just simply AI's Idea or solution that is written by me.  I use codeium to make coding process easier and quicker. I also use Prettier to make my code look better.  Author: 4bb0n / Abbon  AIs used: Codeium - Code completion. basically make your code quicker to write. Definitely recommend this aftre Github Copilot. ChatGPT 4o - backup for 3o ChatGPT 3o mini - shootBullet() function, bullet positioning, inspire fix ideas. DeepSeek R1 DeepSeek V3 - very good, but sometimes forgetful. Gemini 2.5 Pro - made grid.  Shoutout to especially ChatGPT 3o mini, DeepSeek V3(version 3024) and Gemini 2.5 Pro - Got most of the prompts in one shot. */   const canvas = document.getElementById(""canvas""); const ctx = canvas.getContext(""2d""); const socket = io(); let offsetx = 0; let offsety = 0; const gridSize = 30; const gridColor = '#d3d3d3'; let friction = 0.9;  class Tank {   constructor(     x,     y,     width,     height,     angle,     health,     bodyDamage,     bulletSpeed,     bulletPenetration,     movementSpeed,     regeneration,     colour,     id,     immune,     maxHealth   ) {     this.x = x;     this.y = y;     this.width = width;     this.height = height;     this.angle = angle;     this.speed = movementSpeed;     this.regeneration = regeneration;     this.bodyDamage = bodyDamage;     this.bulletSpeed = bulletSpeed;     this.bulletPenetration = bulletPenetration;     this.colour = colour;     this.health = health;     this.maxHealth = maxHealth;     this.diameter = 30;     this.id = id;     this.mapPosition = { x: canvas.width / 2, y: canvas.height / 2 };     this.immune = immune;   }    updateAngle(mouseX, mouseY) {     const dx = mouseX - canvas.width / 2; // Use tank's center (not x + width / 2)     const dy = mouseY - canvas.height / 2;     this.angle = Math.atan2(dy, dx);   }    move() {       if (keys.has(""ArrowUp"") || keys.has(""w"")) {         this.y -= this.speed;         enemies.forEach((enemy) => {           enemy.y += this.speed;         });         this.mapPosition.y = this.y;         bullets.forEach((bullet) => {           bullet.y += this.speed;         });         mazeBlocks.forEach((block) => {           block.y += this.speed;         });         immune = false;         offsety += this.speed;         bosses.forEach((boss) => {           boss.y += this.speed;         })         bossBullets.forEach((bullet) => {           bullet.y += this.speed;         });         dominators.forEach(dominator => {             dominator.y += this.speed         });         dominatorBullets.forEach((bullet) => {           bullet.y += this.speed;         });       }       if (keys.has(""ArrowDown"") || keys.has(""s"")) {         this.y += this.speed;         enemies.forEach((enemy) => {           enemy.y -= this.speed;         });         this.mapPosition.y = this.y;         bullets.forEach((bullet) => {           bullet.y -= this.speed;         });         mazeBlocks.forEach((block) => {           block.y -= this.speed;         });         immune = false;         offsety -= this.speed;         bosses.forEach((boss) => {           boss.y -= this.speed;         })         bossBullets.forEach((bullet) => {           bullet.y -= this.speed;         });         dominators.forEach(dominator => {             dominator.y -= this.speed         });         dominatorBullets.forEach((bullet) => {           bullet.y -= this.speed;         });       }       if (keys.has(""ArrowLeft"") || keys.has(""a"")) {         this.x -= this.speed;         enemies.forEach((enemy) => {           enemy.x += this.speed;         });         this.mapPosition.x = this.x;         bullets.forEach((bullet) => {           bullet.x += this.speed;         });         mazeBlocks.forEach((block) => {           block.x += this.speed;         });         immune = false;         offsetx += this.speed;         bosses.forEach((boss) => {           boss.x += this.speed;         })         bossBullets.forEach((bullet) => {           bullet.x += this.speed;         });         dominators.forEach(dominator => {             dominator.x += this.speed         })         dominatorBullets.forEach((bullet) => {           bullet.x += this.speed;         });       }       if (keys.has(""ArrowRight"") || keys.has(""d"")) {         this.x += this.speed;         enemies.forEach((enemy) => {           enemy.x -= this.speed;         });         this.mapPosition.x = this.x;         bullets.forEach((bullet) => {           bullet.x -= this.speed;         });         mazeBlocks.forEach((block) => {           block.x -= this.speed;         });         immune = false;         offsetx -= this.speed;         bosses.forEach((boss) => {           boss.x -= this.speed;         })         bossBullets.forEach((bullet) => {           bullet.x -= this.speed;         });         dominators.forEach(domina"
8,"codeium","use","TypeScript","kdadks/aihow","src/data/workflows.ts","https://github.com/kdadks/aihow/blob/7ac858b1d5640e0518722994839b20b7ce0df031/src/data/workflows.ts","https://raw.githubusercontent.com/kdadks/aihow/HEAD/src/data/workflows.ts",0,0,"",1161,"import { WorkflowBundle } from '../types'; import { tools } from './tools';  // Helper function to safely find a tool const findTool = (id: string) => {   const tool = tools.find(t => t.id === id);   if (!tool) {     throw new Error(`Tool with id ${id} not found`);   }   return tool; };  export const workflowBundles: WorkflowBundle[] = [   {     id: '1',     name: 'Advanced Code Development Suite',     description: 'Comprehensive AI-powered development environment combining multiple code assistants for enhanced productivity.',     tools: [       findTool('github-copilot'), // GitHub Copilot       findTool('claude-3-opus'), // Claude 3 Opus for code assistance         findTool('cursor-ai')  // Cursor AI     ],     totalCost: '$50/month',     implementationSteps: [       'Set up GitHub Copilot in your IDE for real-time code suggestions',       'Use Claude 3 Opus for complex code generation and refactoring',       'Leverage Cursor AI for additional insights and code optimization',       'Integrate tools into your development workflow'     ]   },   {     id: '2',     name: 'Presentation & Content Creation',     description: 'AI-powered suite for creating professional presentations and optimizing content.',     tools: [       findTool('gamma-ai'), // Gamma AI - Featured presentation builder       findTool('beautiful-ai'), // Beautiful.AI - Smart design platform       findTool('2')   // ChatGPT - Content optimization     ],     totalCost: '$42/month',     implementationSteps: [       'Generate presentations from prompts with Gamma AI',       'Enhance design and layouts with Beautiful.AI',       'Refine and polish content with ChatGPT',       'Ensure brand consistency across materials'     ]   },   {     id: '3',     name: 'Full-Stack Development Bundle',     description: 'Complete toolkit for modern software development, combining code generation with workflow automation.',     tools: [       findTool('github-copilot'), // GitHub Copilot       findTool('codeium'), // Codeium       findTool('zapier-ai')  // Zapier AI     ],     totalCost: '$40/month',     implementationSteps: [       'Integrate Copilot and Codeium for comprehensive code assistance',       'Set up automated workflows with Zapier AI',       'Configure IDE extensions and integrations',       'Establish efficient development processes'     ]   },   {     id: '4',     name: 'AI Code Review & Quality',     description: 'Advanced toolkit for code review, optimization, and quality assurance using multiple AI assistants.',     tools: [       findTool('claude-3-opus'), // Claude 3 Opus for code review       findTool('gemini'), // Google Gemini for code optimization       findTool('17')  // PromptBase Pro for custom prompts     ],     totalCost: '$65/month',     implementationSteps: [       'Use Claude 3 Opus for detailed code reviews',       'Optimize code quality with Gemini',       'Create custom review prompts with PromptBase Pro',       'Implement automated quality checks'     ]   },   {     id: '5',     name: 'Autonomous Agent Workflow',     description: 'Complete autonomous AI agent setup for complex task execution and process automation.',     tools: [       findTool('autogpt'), // AutoGPT       findTool('langchain-agents'), // LangChain Agents       findTool('crew-ai')  // CrewAI     ],     totalCost: '$68/month',     implementationSteps: [       'Deploy AutoGPT for autonomous goal achievement',       'Set up LangChain Agents framework for tool integration',       'Configure CrewAI for multi-agent collaboration',       'Establish monitoring and safety protocols'     ]   },   {     id: '6',     name: 'AI Research Assistant',     description: 'Comprehensive research automation using AI agents for data gathering, analysis, and report generation.',     tools: [       findTool('research-agent-gpt'), // ResearchAgent GPT       findTool('babyagi'), // BabyAGI       findTool('dataiku-ai-agents')  // Dataiku AI Agents     ],     totalCost: '$29+/month',     implementationSteps: [       'Configure ResearchAgent GPT for automated research tasks',       'Set up BabyAGI for task management and prioritization',       'Integrate Dataiku AI Agents for advanced data analysis',       'Create research workflows and quality checks'     ]   },   {     id: '7',     name: 'Business Process Automation',     description: 'Enterprise-grade AI agents for automating customer service, sales, and business operations.',     tools: [       findTool('superagent'), // SuperAgent       findTool('microsoft-copilot-studio'), // Microsoft Copilot Studio       findTool('apollo-ai-agent')  // Apollo AI Agent     ],     totalCost: '$398/month',     implementationSteps: [       'Deploy SuperAgent for customer service automation',       'Set up Microsoft Copilot Studio for enterprise workflows',       'Configure Apollo AI Agent for sales automation',       'Integrate with existing business systems and CRM'     ]   },   {     id: '8',     name: 'AI Development Team',     description: 'AI-powe"
9,"codeium","use","TypeScript","desenyon/infiniteidea","src/lib/ai-services/coding-prompt-generator.ts","https://github.com/desenyon/infiniteidea/blob/6c415b0abc2e6557f104e27cd267cf8f8ecf51c4/src/lib/ai-services/coding-prompt-generator.ts","https://raw.githubusercontent.com/desenyon/infiniteidea/HEAD/src/lib/ai-services/coding-prompt-generator.ts",0,0,"",602,"import {    CodingPromptTemplate,   GeneratedCodingPrompt,   PromptContext,   PromptGenerationRequest,   PromptGenerationResponse,   CodingTool,   PromptCategory,   DifficultyLevel,   PromptValidationResult,   PromptOptimization } from '@/types/coding-prompts' import {    getCodingPromptTemplate,   getAllCodingPromptTemplates,   getCodingPromptTemplatesByCategory,   getCodingPromptTemplatesByTool,   getCodingPromptTemplatesByDifficulty } from './coding-prompt-templates' import { Blueprint } from '@/types'  export class CodingPromptGenerator {   private templates: Map<string, CodingPromptTemplate> = new Map()    constructor() {     this.loadTemplates()   }    private loadTemplates(): void {     const templates = getAllCodingPromptTemplates()     templates.forEach(template => {       this.templates.set(template.id, template)     })   }    /**    * Generate coding prompts based on a blueprint and preferences    */   async generatePrompts(request: PromptGenerationRequest): Promise<PromptGenerationResponse> {     try {       const context = this.buildPromptContext(request.blueprint)       const relevantTemplates = this.selectRelevantTemplates(request)       const prompts: GeneratedCodingPrompt[] = []        for (const template of relevantTemplates) {         const tool = request.preferences?.tool || (request as any).tool;         const prompt = await this.generatePromptFromTemplate(           template,           context,           tool,           request.customInstructions         )                  if (prompt) {           prompts.push(prompt)         }       }        // Optimize prompts for the specific tool if requested       if (request.preferences.optimizeForTool) {         for (let i = 0; i < prompts.length; i++) {           const optimized = await this.optimizePromptForTool(prompts[i], request.preferences.tool)           if (optimized) {             prompts[i].prompt = optimized.optimizedPrompt           }         }       }        return {         prompts,         metadata: {           totalGenerated: prompts.length,           categories: [...new Set(prompts.map(p => template => template.category))],           estimatedTotalTime: prompts.reduce((total, p) => total + p.estimatedTime, 0),           recommendations: this.generateRecommendations(prompts, context)         },         context,         generatedAt: new Date()       }     } catch (error) {       console.error('Error generating coding prompts:', error)       throw new Error('Failed to generate coding prompts')     }   }    /**    * Build prompt context from blueprint    */   private buildPromptContext(blueprint: any): PromptContext {     return {       techStack: {         frontend: blueprint.techStack?.frontend?.map((tech: any) => tech.name) || [],         backend: blueprint.techStack?.backend?.map((tech: any) => tech.name) || [],         database: blueprint.techStack?.database?.map((tech: any) => tech.name) || [],         aiServices: blueprint.techStack?.aiServices?.map((service: any) => service.name) || [],         deployment: blueprint.techStack?.deployment?.map((option: any) => option.platform) || []       },       features: blueprint.productPlan?.coreFeatures?.map((feature: any) => feature.name) || [],       architecture: this.inferArchitecture(blueprint.techStack),       projectStructure: this.generateProjectStructure(blueprint.techStack),       dependencies: this.extractDependencies(blueprint.techStack),       codeStyle: {         language: this.inferPrimaryLanguage(blueprint.techStack),         conventions: {           naming: 'camelCase',           indentation: 'spaces',           indentSize: 2,           quotes: 'single',           semicolons: true         },         patterns: ['MVC', 'Repository', 'Service Layer'],         linting: {           enabled: true,           rules: ['eslint:recommended', '@typescript-eslint/recommended']         },         formatting: {           enabled: true,           tool: 'prettier'         }       },       constraints: blueprint.constraints || []     }   }    /**    * Select relevant templates based on request preferences    */   private selectRelevantTemplates(request: PromptGenerationRequest): CodingPromptTemplate[] {     let templates = getAllCodingPromptTemplates()      // Filter by tool support     const tool = request.preferences?.tool || (request as any).tool;     if (tool) {       templates = templates.filter(template =>          template.supportedTools.includes(tool)       )     }      // Filter by categories if specified     const categories = request.preferences?.categories || [];     if (categories.length > 0) {       templates = templates.filter(template =>         categories.includes(template.category)       )     }      // Filter by difficulty     const difficulty = request.preferences?.difficulty || DifficultyLevel.INTERMEDIATE;     templates = templates.filter(template =>       template.difficulty <= difficulty ||       template.difficulty === DifficultyLevel.BEGINNER     )      // Sort b"
10,"codeium","using","JavaScript","timabloom/my-portfolio","src/data/projectInfo.js","https://github.com/timabloom/my-portfolio/blob/00f7e720b8847a5fe5927e8bd84484aae1d85348/src/data/projectInfo.js","https://raw.githubusercontent.com/timabloom/my-portfolio/HEAD/src/data/projectInfo.js",0,0,"",156,"import portfolioWebsiteDark from ""../assets/portfolio-website-dark.png""; import catImagesWebsite from ""../assets/cat-images-website.png""; import yahtzeeWebsite from ""../assets/yahtzee-website.png""; import tarotSanctuaryWebsite from ""../assets/tarot-sanctuary-website.png""; import kalejdoskopApi from ""../assets/kalejdoskop-api.png""; import habitTrackerApp from ""../assets/habit-tracker-app.png"";  export const projectsGB = [   {     heading: ""Habit Replacer"",     text1:       ""Habit Replacer is an innovative habit tracking application designed to help users effectively replace old habits with new, positive ones. Understanding that the memory of old habits lingers, this app encourages users to cultivate beneficial behaviors by tracking both their old and new habits. With a visually appealing interface built in React, styled with Tailwind CSS and Daisy UI, users can easily log their progress and stay motivated. The integration of Recharts allows for clear visualizations of their journey, providing valuable insights into behavior patterns and helping users see their progress over time."",      text2:       ""On the technical side, Habit Replacer utilizes an ASP.NET Core API for data retrieval and storage, with plans to transition to a SQL database using Entity Framework for efficient data management. Future enhancements will include user authentication, allowing individuals to create personal accounts for a tailored experience. This project not only serves as a powerful tool for personal development but also represents a significant learning opportunity in modern web development technologies."",     technologies: ""TypeScript, React, Tailwind, DaisyUI, ASP.NET Core, C#"",     githubLink: ""https://github.com/timabloom/habit-replacer-tracker"",     website: ""https://habit-replacer-tracker.onrender.com/"",     image: habitTrackerApp,     hash: ""L7F~Krt700Io-:ayIVj[00WV~Woe"",   },   {     heading: ""Tarot Sanctuary"",     text1:       ""Tarot Sanctuary is an interactive tarot reading platform that hosts historical decks to use in fun and playful ways. This project has served as a rich learning ground, enabling me to deepen my proficiency with SvelteKit, a frontend developer-friendly meta-framework now favored by a growing community of developers, myself included."",      text2:       ""I've learned to harness the power of AI using Codeium and ChatGPT and have successfully installed my own local chatbot. My design skills have been honed throughout this project as I took the time to learn and utilize Figma, culminating, in my opinion, in a visually appealing interface."",     technologies: ""JavaScript, TypeScript, Node.js, SvelteKit"",     githubLink: ""https://github.com/timabloom/tarot-sanctuary"",     website: ""https://tarot-sanctuary.onrender.com"",     image: tarotSanctuaryWebsite,     hash: ""L8N^YrR,_N%100s.DiNH00ofD%R*"",   },   {     heading: ""Kalejdoskop API"",     text1:       ""This project is part of my internship at Sverok and MÃ„N. I ventured into backend for this project due to the need of the organizations by creating an Express application. I also worked with and took on a leadership role leading a small team of two other students in developing a website, admin panel and the express application. The website, adminpanel and api are all made for a game called Kalejdoskop."",     text2:       ""This experience enhanced my adaptability as I took on unfamiliar tasks. I expanded my technical skills, delving into backend technologies and gaining a deeper understanding of web security principles. The challenges faced in this project have left me more versatile, well-rounded, and prepared for future roles in web development."",     technologies:       ""JavaScript, Typescript, Node.js, Express.js, Prisma, SQLite "",     githubLink:       ""https://github.com/orgs/sverok-man-collaboration/repositories"",     website:       ""https://github.com/orgs/sverok-man-collaboration/repositories"",     image: kalejdoskopApi,     hash: ""L02r,NxuDiD%-;ofIUM{RiRjogxu"",   },   {     heading: ""My Portfolio"",     text1:       ""I have learned a lot from making my portfolio website. The website has two built-in language options: English and Swedish. I love dark mode, so I created an option for those who like it. I used the Chakra UI library for styling and Framer Motion for animations. I also used Recoil instead of React context."",     technologies: ""JavaScript, Node.js, React, Chakra UI, Framer Motion"",     githubLink: ""https://github.com/timabloom/my-portfolio"",     website: ""https://timothy-magees-portfolio.onrender.com"",     image: portfolioWebsiteDark,     hash: ""UCDb~F00og~UxZbcae%L0K~VNGRjx]IUt7WC"",   },   {     heading: ""Cat images in a Heartbeat"",     text1:       ""Cat images in a Heartbeat is a web page for cat lovers built for a course in JavaScript. This website shows 12 adorable cat images per page fetched from an API. A neat function of this web page is that if the user hovers over a cat image, it will enlarge and shrink back to the pacing of a h"
11,"codeium","using","TypeScript","gapmiss/livecodes-playground","src/settings/help.ts","https://github.com/gapmiss/livecodes-playground/blob/de156458f3ea7183cc9d901c089fe3994c3de55d/src/settings/help.ts","https://raw.githubusercontent.com/gapmiss/livecodes-playground/HEAD/src/settings/help.ts",18,1,"Open-source client-side code editor plugin for Obsidian.md - powered by LiveCodes.io",151,"export const helpModals = {   appUrl:   {      title: 'App URL',      description: '<p>Load the playground from a custom URL (e.g. <a href=""https://livecodes.io/docs/features/self-hosting"" data-tooltip-position=""top"" aria-label=""https://livecodes.io/docs/features/self-hosting"" target=""_blank"" rel=""noopener"" class=""external-link"">self-hosted app</a>, <a href=""https://livecodes.io/docs/features/permanent-url"" data-tooltip-position=""top"" aria-label=""https://livecodes.io/docs/features/permanent-url"" target=""_blank"" rel=""noopener"" class=""external-link"">permanent URL</a>). Trailing slash <strong>/</strong> is required.</p><p>Default: <strong class=""appurl-copy"" aria-label=""Click to copy"" data-tooltip-position=""top"">https://v45.livecodes.io/</strong>'    },   shortUrl:   {      title: 'Short share URL',      description: '<p><span class=""alert-icon"" aria-label=""Info""></span><span>This requires sending the playground configuration (<strong>including source code</strong>) to a server that saves the code and provides a short Id which can be used to retrieve the playground. <strong>It cannot then be deleted</strong>.</span></p><p>The app hosted on <a href=""https://livecodes.io"" target=""_blank"" rel=""noopener"" class=""external-link"">https://livecodes.io</a> uses an API endpoint specifically provided to generate short URLs for LiveCodes share service. We will make every effort to keep that online and available for free use, so long as it is not abused.</p><p>Short URLs generated by LiveCodes share service are <strong>private</strong> by default and are not listed or indexed.</p><p>See <a href=""https://livecodes.io/docs/features/share"" data-tooltip-position=""top"" aria-label=""https://livecodes.io/docs/features/share"" target=""_blank"" rel=""noopener"" class=""external-link"">Livecodes documentation</a> page on sharing for further up-to-date details.</p>'    },   githubToken:   {     title: 'Github API token',     description: 'Add a Github API token to enable creating gists from a playground. Create a token at <a href=""https://github.com/settings/tokens/new"" target=""_blank"" rel=""noopener"" class=""external-link"">https://github.com/settings/tokens/new</a> (only gist permission required)'   },   githubGistPublic:   {     title: 'Github gist privacy',     description: '<p>Gists can be public or secret. public gists show up in <a href=""https://gist.github.com/discover"" data-tooltip-position=""top"" aria-label=""https://gist.github.com/discover"" target=""_blank"" rel=""noopener"" class=""external-link"">Github Discover</a>, where people can browse new gists as they\'re created. They\'re also searchable, so you can use them if you\'d like other people to find and see your work.</p><p>Secret gists don\'t show up in <a href=""https://gist.github.com/discover"" data-tooltip-position=""top"" aria-label=""https://gist.github.com/discover"" target=""_blank"" rel=""noopener"" class=""external-link"">Github Discover</a> and are not searchable unless you are logged in and are the author of the secret gist. Secret gists aren\'t private. If you send the URL of a secret gist to a friend, they\'ll be able to see it. However, if someone you don\'t know discovers the URL, they\'ll also be able to see your gist.</p><p>After creating a gist, you cannot convert it from public to secret. However, a secret gist can be made public by editing the gist and updating the visibility to public.</p><p>See <a href=""https://docs.github.com/en/get-started/writing-on-github/editing-and-sharing-content-with-gists/creating-gists"" target=""_blank"" rel=""noopener"" class=""external-link"" data-tooltip-position=""top"" aria-label=""https://docs.github.com/en/get-started/writing-on-github/editing-and-sharing-content-with-gists/creating-gists"">Github gist documentation</a> page on creating gists for further up-to-date details.</p>'   },   playgroundFolder:    {      title: 'Playground folder',      description: '<p>Select a vault folder to save & persist playground configuration files (JSON).</p><p>Default: <strong>playgrounds</strong></p>'   },   notesFolder:    {      title: 'Notes folder',      description: '<p>Select a vault folder to save playground notes (Markdown).</p><p>Default: <strong>playgrounds/notes</strong></p>'   },   autoWatch:    {      title: 'Auto watch',      description: '<p>Automatically watch for playground changes, then update the corresponding configuration file (JSON).</p><p>Default: <strong>enabled</strong></p>'   },   editor:   {      title: 'Code editor',      description: '<p>The following code editors are supported:</p><div><p><strong><a href=""https://microsoft.github.io/monaco-editor/"" data-tooltip-position=""top"" aria-label=""https://microsoft.github.io/monaco-editor/"" target=""_blank"" rel=""noopener"" class=""external-link"">monaco</a></strong>: This is the code editor that powers <strong>VS Code</strong>. It is feature-rich and supports autocomplete with <strong>IntelliSense</strong> (including types for custom libraries).<!-- However, it requires a relatively large download a"
12,"codeium","using","TypeScript","carmelyne/ai-dev-workflow-cli","src/utils/ai.ts","https://github.com/carmelyne/ai-dev-workflow-cli/blob/62a881131b7765791ef6bd0c0cb6a17971206fd4/src/utils/ai.ts","https://raw.githubusercontent.com/carmelyne/ai-dev-workflow-cli/HEAD/src/utils/ai.ts",1,1,"",254,"import * as path from 'path'; import * as fs from 'fs';  interface AICommandOptions {   content?: string;   type?: string;   depth?: string;   context?: Record<string, any>;   [key: string]: any; }  interface AIAnalysisIssue {   severity: 'info' | 'warning' | 'error';   line?: number;   description: string;   suggestion?: string;   autoFixable: boolean; }  interface AIAnalysisMetrics {   complexity: number;   maintainability: number;   testability: number; }  interface AIAnalysisResult {   issues: AIAnalysisIssue[];   metrics?: AIAnalysisMetrics;   fixes?: Array<{     file: string;     line: number;     fix: string;   }>; }  /**  * Executes an AI command using Codeium's capabilities  * This function integrates with Codeium to provide AI-guided development  */ export async function executeAICommand(command: string, options: AICommandOptions): Promise<AIAnalysisResult> {   // Get project context   const projectRoot = process.cwd();   const projectFiles = await getRelevantFiles(projectRoot, command, options);      // Prepare context for AI   const context = {     command,     options,     projectRoot,     files: projectFiles,     // Add any other relevant context   };    try {     switch (command) {       case 'story:create':         await handleStoryCreation(context);         return { issues: [], metrics: { complexity: 0, maintainability: 0, testability: 0 } };              case 'implement':         await handleImplementation(context);         return { issues: [], metrics: { complexity: 0, maintainability: 0, testability: 0 } };              case 'review':         return handleCodeReview(context);              default:         throw new Error(`Unknown AI command: ${command}`);     }   } catch (error) {     console.error('Error executing AI command:', error);     throw error; // Re-throw instead of exiting to maintain proper error handling   } }  async function handleStoryCreation(context: any): Promise<void> {   const { options, projectRoot } = context;      // Load story template   const templatePath = path.join(__dirname, '../templates/story.md');   let storyTemplate = fs.readFileSync(templatePath, 'utf8');    // Get project context for AI analysis   const projectContext = await getProjectContext();      // AI Analysis of the story   const analysis = {     businessValue: await analyzeBusinessValue(options.description, projectContext),     acceptanceCriteria: await generateAcceptanceCriteria(options.description, projectContext),     technicalAnalysis: await analyzeTechnicalImpact(options.description, projectContext),     tasks: await breakdownTasks(options.description, projectContext),     risks: await assessRisks(options.description, projectContext),     testScenarios: await generateTestScenarios(options.description, projectContext),     documentation: await identifyDocumentation(options.description, projectContext),     complexity: await estimateComplexity(options.description, projectContext),     timeline: await estimateTimeline(options.description, projectContext),     relatedStories: await findRelatedStories(options.description, projectContext)   };    // Replace template placeholders   storyTemplate = storyTemplate     .replace('{{title}}', options.title)     .replace('{{description}}', options.description)     .replace(/\{\{timestamp\}\}/g, new Date().toISOString())     .replace('[AI Analysis: Understanding the business impact and value proposition]', analysis.businessValue)     .replace('[AI Generated based on description and similar patterns]', analysis.acceptanceCriteria)     .replace('[AI Analysis: How this story affects the system architecture]', analysis.technicalAnalysis.architecture)     .replace('[AI Analysis: Required libraries, services, and system dependencies]', analysis.technicalAnalysis.dependencies)     .replace('[AI Suggested implementation strategy]', analysis.technicalAnalysis.approach)     .replace('[AI Generated tasks with complexity estimates]', analysis.tasks)     .replace('[AI Analysis: Potential risks and mitigation strategies]', analysis.risks)     .replace('[AI Generated test scenarios]', analysis.testScenarios)     .replace('[AI Generated documentation checklist]', analysis.documentation)     .replace('[AI Generated]', analysis.complexity)     .replace('[AI Generated]', analysis.timeline)     .replace('[AI Identified related stories and dependencies]', analysis.relatedStories);    // Save the story   const storyDir = path.join(process.cwd(), '.ai/stories');   if (!fs.existsSync(storyDir)) {     fs.mkdirSync(storyDir, { recursive: true });   }    const storyFile = path.join(storyDir, `${sanitizeFilename(options.title)}.md`);   fs.writeFileSync(storyFile, storyTemplate);    console.log(`âœ¨ Story created at ${storyFile}`);   console.log('\nAI Analysis Summary:');   console.log(`- Estimated Complexity: ${analysis.complexity}`);   console.log(`- Timeline: ${analysis.timeline}`);   console.log(`- Key Risks: ${analysis.risks.split('\n')[0]}`);   console.log('\nNext steps:');   cons"
13,"codeium","with","TypeScript","SCLorentz/useless-ts-scripts","abstract/classes.ts","https://github.com/SCLorentz/useless-ts-scripts/blob/ff8cb86e0cb075066883a4923d37d8e7922e7d66/abstract/classes.ts","https://raw.githubusercontent.com/SCLorentz/useless-ts-scripts/HEAD/abstract/classes.ts",2,0,"Just useless scripts and functional programming",48,"// ! Created with codeium (AI)  abstract class Employee {     constructor( protected name: string, protected id: number ) {}      abstract calculateSalary(): number;      getInfo(): string     {         return `Employee ID: ${this.id}, Name: ${this.name}`;     } }  class FullTimeEmployee extends Employee {     constructor(name: string, id: number, private annualSalary: number)     {         super(name, id);     }      calculateSalary(): number     {         return this.annualSalary / 12;     } }  class PartTimeEmployee extends Employee {     constructor(name: string, id: number, private hourlyRate: number, private hoursWorked: number)     {         super(name, id);     }      calculateSalary(): number     {         return this.hourlyRate * this.hoursWorked;     } }  // Uso const fullTime = new FullTimeEmployee(""John Doe"", 1, 60000); console.log(fullTime.getInfo()); console.log(`Monthly Salary: $${fullTime.calculateSalary()}`);  const partTime = new PartTimeEmployee(""Jane Smith"", 2, 15, 80); console.log(partTime.getInfo()); console.log(`Monthly Salary: $${partTime.calculateSalary()}`);"
14,"codeium","with","TypeScript","sittiponghaus/fpe","index.ts","https://github.com/sittiponghaus/fpe/blob/a5eb42ef445e0f026c12f0c94847090f7f2f575e/index.ts","https://raw.githubusercontent.com/sittiponghaus/fpe/HEAD/index.ts",0,0,"Format Preserving Encryption",103,"/**  * Build with Claude.ai, JSDoc with CODEIUM  * Typescript's Format Preserving Encryption  */ const urlSafeChars =   ""ABCDEFGHIJKLMNOPQRSTUVWXYZabcdefghijklmnopqrstuvwxyz0123456789-_"";  /**  * Encrypts a given plaintext string using the FPE algorithm.  * @param plaintext The string to encrypt.  * @param key The key used for encryption.  * @param tweak The tweak used for encryption.  * @returns The encrypted string.  */ export function encrypt(plaintext: string, key: string, tweak: string): string {   const keyBytes = new TextEncoder().encode(key);   const tweakBytes = new TextEncoder().encode(tweak);    const encrypt = (char: string, index: number): string => {     const shift =       (keyBytes[index % keyBytes.length] ^         tweakBytes[index % tweakBytes.length]) %       urlSafeChars.length;     const urlSafeIndex = urlSafeChars.indexOf(char);      if (urlSafeIndex !== -1) {       return urlSafeChars[(urlSafeIndex + shift) % urlSafeChars.length];     }     return char;   };    return plaintext.split("""").map(encrypt).join(""""); }  /**  * Decrypts a given ciphertext string using the FPE algorithm.  * @param ciphertext The string to decrypt.  * @param key The key used for decryption.  * @param tweak The tweak used for decryption.  * @returns The decrypted string.  */ export function decrypt(   ciphertext: string,   key: string,   tweak: string ): string {   const keyBytes = new TextEncoder().encode(key);   const tweakBytes = new TextEncoder().encode(tweak);    const decrypt = (char: string, index: number): string => {     const shift =       (keyBytes[index % keyBytes.length] ^         tweakBytes[index % tweakBytes.length]) %       urlSafeChars.length;     const urlSafeIndex = urlSafeChars.indexOf(char);      if (urlSafeIndex !== -1) {       return urlSafeChars[         (urlSafeIndex - shift + urlSafeChars.length) % urlSafeChars.length       ];     }     return char;   };    return ciphertext.split("""").map(decrypt).join(""""); }  const DEFAULT_LENGTH = 21; interface EncryptIdProps {   length: number; } /**  * Encrypts a given id number using the FPE algorithm.  * @param id The number to encrypt.  * @param key The key used for encryption.  * @param tweak The tweak used for encryption.  * @param {EncryptIdProps} [props] The options for encryption.  * @returns The encrypted string.  */ export function encryptId(   id: number,   key: string,   tweak: string,   { length }: EncryptIdProps = {     length: DEFAULT_LENGTH,   } ) {   const idString = String(id).padStart(length, ""0"");   return encrypt(idString, key, tweak); }  /**  * Decrypts a given ciphertext string using the FPE algorithm.  * @param encryptedId The string to decrypt.  * @param key The key used for decryption.  * @param tweak The tweak used for decryption.  * @returns The decrypted number.  */ export function decryptId(encryptedId: string, key: string, tweak: string) {   const idString = decrypt(String(encryptedId), key, tweak);   return Number(idString); } "
15,"codeium","with","TypeScript","coding4vinayak/aw-deals","scripts/add-more-tools.ts","https://github.com/coding4vinayak/aw-deals/blob/f71c37c15725a28dd341c4c5f2c31915b0706d1c/scripts/add-more-tools.ts","https://raw.githubusercontent.com/coding4vinayak/aw-deals/HEAD/scripts/add-more-tools.ts",0,0,"",443,"// Add more tools to complete all categories (10-15 tools each) import { db } from ""../server/db""; import { tools } from ""../shared/schema"";  export const additionalTools = [   // AI Code Assistants (Category 3) - 12 tools   {     name: ""GitHub Copilot"",     slug: ""github-copilot"",     description: ""Microsoft's AI pair programmer integrated with VS Code and other IDEs"",     fullDescription: ""GitHub Copilot is Microsoft's AI-powered code completion tool that helps developers write code faster and with fewer errors. Trained on billions of lines of public code, Copilot provides intelligent suggestions and can generate entire functions from comments."",     imageUrl: ""https://images.unsplash.com/photo-1461749280684-dccba630e2f6?w=400&h=300&fit=crop"",     affiliateUrl: ""https://github.com/features/copilot"",     rating: 47,     reviewCount: 350000,     categoryId: 3,     featured: true,     tags: [""code completion"", ""vs code"", ""ai programming"", ""microsoft"", ""github""],     pricing: ""Paid"",     features: [""Real-time code suggestions"", ""Multi-language support"", ""IDE integration"", ""Context awareness"", ""Function generation""],     metaTitle: ""GitHub Copilot - AI Programming Assistant by Microsoft"",     metaDescription: ""Code faster with GitHub Copilot's AI suggestions. Get intelligent code completion, function generation, and programming assistance in your IDE."",     keywords: [""github copilot"", ""ai programming"", ""code completion"", ""microsoft"", ""vs code""],     ogImage: ""https://images.unsplash.com/photo-1461749280684-dccba630e2f6?w=1200&h=630&fit=crop"",     canonicalUrl: ""https://abetworks.com/tools/github-copilot""   },   {     name: ""Cursor"",     slug: ""cursor"",     description: ""AI-first code editor with advanced AI features and multi-file editing"",     fullDescription: ""Cursor is an AI-first code editor built on VS Code that offers advanced AI features like Composer mode for building entire applications from descriptions, multi-file editing with project-wide context, and support for multiple AI models."",     imageUrl: ""https://images.unsplash.com/photo-1518773553398-650c184e0bb3?w=400&h=300&fit=crop"",     affiliateUrl: ""https://cursor.sh/"",     rating: 48,     reviewCount: 125000,     categoryId: 3,     featured: true,     tags: [""ai editor"", ""code completion"", ""multi-file editing"", ""vs code fork"", ""project context""],     pricing: ""Freemium"",     features: [""Composer mode"", ""Multi-file editing"", ""Project-wide context"", ""Multiple AI models"", ""Chat with codebase""],     metaTitle: ""Cursor - AI-First Code Editor for Modern Development"",     metaDescription: ""Build applications faster with Cursor's AI-first code editor. Multi-file editing, project context, and advanced AI features for developers."",     keywords: [""cursor"", ""ai code editor"", ""multi-file editing"", ""composer mode"", ""vs code""],     ogImage: ""https://images.unsplash.com/photo-1518773553398-650c184e0bb3?w=1200&h=630&fit=crop"",     canonicalUrl: ""https://abetworks.com/tools/cursor""   },   {     name: ""Windsurf"",     slug: ""windsurf"",     description: ""Enterprise AI-powered IDE with advanced code generation and collaboration"",     fullDescription: ""Windsurf (formerly Codeium) is an enterprise-focused AI-powered IDE that offers advanced code generation, collaboration features, and cross-IDE compatibility. Perfect for large development teams and complex projects."",     imageUrl: ""https://images.unsplash.com/photo-1555066931-4365d14bab8c?w=400&h=300&fit=crop"",     affiliateUrl: ""https://windsurf.com/"",     rating: 46,     reviewCount: 85000,     categoryId: 3,     featured: true,     tags: [""enterprise ide"", ""code generation"", ""team collaboration"", ""cross-platform"", ""ai development""],     pricing: ""Freemium"",     features: [""Cascade flow system"", ""Cross-IDE compatibility"", ""Enterprise integrations"", ""Automated commands"", ""Team collaboration""],     metaTitle: ""Windsurf - Enterprise AI IDE for Development Teams"",     metaDescription: ""Scale development with Windsurf's enterprise AI IDE. Advanced code generation, team collaboration, and cross-IDE compatibility."",     keywords: [""windsurf"", ""enterprise ide"", ""ai development"", ""code generation"", ""team collaboration""],     ogImage: ""https://images.unsplash.com/photo-1555066931-4365d14bab8c?w=1200&h=630&fit=crop"",     canonicalUrl: ""https://abetworks.com/tools/windsurf""   },   {     name: ""Tabnine"",     slug: ""tabnine"",     description: ""AI code completion tool that runs locally with privacy-focused features"",     fullDescription: ""Tabnine is an AI code completion tool that offers both cloud and local deployment options. With privacy-focused features and support for multiple IDEs, Tabnine helps developers write code faster while maintaining data security."",     imageUrl: ""https://images.unsplash.com/photo-1504384308090-c894fdcc538d?w=400&h=300&fit=crop"",     affiliateUrl: ""https://www.tabnine.com/"",     rating: 44,     reviewCount: 180000,     categoryId: 3,     featured: false,     tags: [""code completion"", ""privacy-focus"
16,"codeium","with","TypeScript","akshatag/trivi-server","src/routes/challenges.ts","https://github.com/akshatag/trivi-server/blob/b27edb98d492617d6b9ab185fb5f28dca5fd9251/src/routes/challenges.ts","https://raw.githubusercontent.com/akshatag/trivi-server/HEAD/src/routes/challenges.ts",0,0,"",891,"import express, { Request, Response, RequestHandler } from 'express'; import { authenticateRequest } from '../middleware/auth'; import { supabase } from '../utils/supabase'; import { openai } from '../utils/openai'; import { pgpool } from '../utils/db'; import { zodResponseFormat } from 'openai/helpers/zod'; import { z } from 'zod';  const router = express.Router();  // Insert a challenge router.post('/', authenticateRequest, async (req: Request, res: Response) => {    if (req.user.role != 'TEAM_ADMIN') {     res.status(401).json({ message: 'Unauthorized' });     return;   }    const { challenge_question, ideal_response, grading_criteria, challenge_date } = req.body;   const team_id = req.user.team_id;    const { error } = await supabase     .from('challenges')     .insert([{ challenge_question, ideal_response, grading_criteria, challenge_date, team_id }])     .select();    if (error) {     console.error('Error inserting challenge:', error);     res.status(500).json({ message: error.message });     return;   }    res.status(201).json({ message: 'Challenge set successfully!' }); });  // Update a challenge router.put('/', authenticateRequest, async (req: Request, res: Response) => {    if (req.user.role != 'TEAM_ADMIN') {     res.status(401).json({ message: 'Unauthorized' });     return;   }    console.log('PARAMS ' + JSON.stringify(req.body));    const { challenge_id, challenge_question, ideal_response, grading_criteria } = req.body;    const { error } = await supabase     .from('challenges')     .update([{ challenge_question, ideal_response, grading_criteria }])     .eq('id', challenge_id)     .eq('team_id', req.user.team_id)     .select();    if (error) {     console.error('Error updating challenge:', error);     res.status(500).json({ message: error.message });     return;   }    res.status(201).json({ message: 'Challenge updated successfully!' }); });  // Delete a challenge router.delete('/:challengeId', authenticateRequest, async (req: Request, res: Response) => {    if (req.user.role !== 'TEAM_ADMIN') {     res.status(401).json({ message: 'Unauthorized' });     return;   }    const challengeId = req.params.challengeId;    const { error } = await supabase     .from('challenges')     .delete()     .eq('id', challengeId)     .eq('team_id', req.user.team_id)    if (error) {     console.error('Error deleting challenge:', error);     res.status(500).json({ message: error.message });     return;   }    res.status(200).json({ message: 'Challenge deleted successfully!' }); });     // Get challenges for a given date range router.get('/questions', authenticateRequest, async (req: Request, res: Response) => {    const { startDate, endDate } = req.query;   if (typeof startDate !== 'string' || typeof endDate !== 'string') {     res.status(400).json({ message: 'startDate and endDate are required and must be strings' });     return;   }    const { data, error } = await supabase     .from('challenges')     .select('*')     .gte('challenge_date', startDate)     .lte('challenge_date', endDate)     .order('challenge_date', { ascending: false })    if (error) {     console.error('Error getting questions:', error);     res.status(500).json({ message: error.message });     return;   }    res.json(data); })   router.get('/past', authenticateRequest, async (req: Request, res: Response) => {   try {      console.log('TEAM ID: ' + req.user.team_id);      const data = await pgpool.query(`       select * from         (select id as challenge_id, challenge_question, grading_criteria, challenge_date, ideal_response from challenges where challenge_date <= $1 AND team_id = $2 order by challenge_date desc) as challenges         left join (           select id as response_id, challenge_id as response_challenge_id, response_text, grade_score, grade_critique, started_at as response_started_at           from responses           where user_id = $3   ) as responses on challenges.challenge_id = responses.response_challenge_id;       `, [new Date().toISOString(), req.user.team_id, req.user.id]);      res.json(data.rows);     return;    } catch (error) {     console.error('Error getting scores:', error);     res.status(500).json({ message: error });     return;   } })  // Get the challenge of the day. Note, only the question is returned router.get('/latest', authenticateRequest, async (req: Request, res: Response) => {    const { data, error } = await supabase     .from('challenges')     .select('id, challenge_question, created_at')     .order('created_at', { ascending: false })     .limit(1);    if (error) {     console.error('Error getting today\'s challenge:', error);     res.status(500).json({ message: error.message });     return;   }    // If there are no challenges, return null   if (data!.length === 0) {     res.json(null);     return;   }    // Otherwise, return the challenge   res.json(data![0]); });   // Get scores for a particular date range, or all time if no range is provided router.get('/scores', authenticateRequest, async (req: R"
17,"codeium","powered by","TypeScript","khou22/khou22.github.io","src/constants/programmingProjects.ts","https://github.com/khou22/khou22.github.io/blob/6cd22fb6f2e9e20302e965cb994b942e2355f551/src/constants/programmingProjects.ts","https://raw.githubusercontent.com/khou22/khou22.github.io/HEAD/src/constants/programmingProjects.ts",10,4,"Kevin Hou's photo store, portfolio, and blog highlighting works in programming, woodworking, design, and photography.",332,"import { getCdnAsset } from ""@/utils/cdn/cdnAssets""; import { PAGES } from ""@/utils/pages"";  export enum ProjectCategory {   iOSApp = ""iOS App"",   Website = ""Website"",   WebApp = ""Web App"",   JavaApp = ""Java App"",   Other = ""Other"", }  export type ProgrammingProjectType = {   name: string;   subtitle: string;   slug: string;   image: string;   category: ProjectCategory;   description: string; };  export const programmingProjects: ProgrammingProjectType[] = [   {     name: ""Lookbook"",     subtitle: ""Photo curation"",     slug: ""https://www.getlookbook.com"",     image: getCdnAsset(""media/projects/lookbook/hero_png""),     category: ProjectCategory.WebApp,     description:       ""Helping marketers and photographers currate massive collections of images using computer vision."",   },   {     name: ""Async Post Message"",     subtitle: ""Open Source Library"",     slug: ""https://async-post-message.vercel.app/"",     image: getCdnAsset(       ""media/projects/async_post_message/async_post_message_homepage_png"",     ),     category: ProjectCategory.WebApp,     description:       ""Library to enable `window.postMessage` calls to be asynchronous."",   },   {     name: ""Overview Satellite Camera"",     subtitle: ""Overview & Airbus Partnership"",     slug: ""https://over-view.com"",     image: getCdnAsset(""media/projects/overview/overview_homepage_png""),     category: ProjectCategory.WebApp,     description:       ""Equip consumers with a tool to capture and print their own satellite images"",   },   {     name: ""Slate Scheduler"",     subtitle: ""Painlessly schedule calendar events."",     slug: ""http://slate.khou22.com"",     image: getCdnAsset(""media/projects/slate/slate_scheduler_png""),     category: ProjectCategory.iOSApp,     description:       ""Publically available on the Apple app store! A fun UX and iOS engineering project to make scheduling calendar events a smoother and more enjoyable experience. It uses basic machine learning to build a model of your calendar and predict your event so you don't need to type anything in. It also does away with a lot of poor UI elements like date pickers."",   },   {     name: ""HTMLexa"",     subtitle: ""HackPrinceton Fall 2017 Finalist"",     slug: ""https://devpost.com/software/htmlexa"",     image: getCdnAsset(""media/programming/thumbnails/htmlexa_png""),     category: ProjectCategory.WebApp,     description:       ""An Alexa Skill and Web App that allows people to build full-scale websites with his or her voice. We aimed to improve the accessibility of website creation through machine learning and a well-crafted user-experience spanning both the voice and digital spectrums."",   },   {     name: ""SoFly Scanner"",     subtitle: ""HackPrinceton Spring 2017 Winner"",     slug: ""https://devpost.com/software/sofly-scanner"",     image: getCdnAsset(""media/programming/thumbnails/so_fly_scanner_png""),     category: ProjectCategory.iOSApp,     description:       ""An app that allows the user to snap a picture of a flyer, extract relevant information, and make a calendar event with the event name, location, time, date, and more. This will allow users to digitize flyers, and hopefully provide a decentralized mechanism for communities to grow close again. It won 2nd place for best Princeton app at HackPrinceton Spring 2017."",   },   {     name: ""Paw Printers"",     subtitle: ""An app for Princeton students."",     slug: ""https://pawprinters.herokuapp.com"",     image: getCdnAsset(""media/programming/thumbnails/paw_printers_png""),     category: ProjectCategory.WebApp,     description:       ""Paw Printers is an app that helps you find the nearest printer on campus. Simply choose whether you want a black and white printer, color printer, or scanner, and it will navigate you to the closest option! I built this over one of my breaks using ExpressJS, Heroku, and ReactJS."",   },   {     name: ""Freelance Web Design Company"",     subtitle: ""Personal Venture"",     slug: ""https://www.kamsky.com"",     image: getCdnAsset(""media/programming/thumbnails/kamsky_png""),     category: ProjectCategory.Website,     description:       ""Started freelance venture to design and develop client websites."",   },   {     name: ""Codeium React Edititor NPM Package"",     subtitle: ""Free, unlimited autocomplete for React"",     slug: PAGES.CODEIUM_DEMO,     image: getCdnAsset(""media/programming/thumbnails/codeium_website_png""),     category: ProjectCategory.WebApp,     description:       ""Free, unlimited autocomplete for React. Simply install using npm and start typing. Powered by Codeium."",   },   {     name: ""Photo Analysis Content Management System"",     subtitle: ""Intelligent photo CMS in the cloud"",     slug: ""http://khou22.herokuapp.com/"",     image: getCdnAsset(""media/programming/thumbnails/photo_analysis_png""),     category: ProjectCategory.WebApp,     description:       ""A content manager with object detection, facial recognition, color analysis, meta-data stripping, etc. for photos to provide intelligent querying and safe S3 image retrieval for w"
18,"codeium","suggested by","JavaScript","NotePlan/plugins","jgclark.Reviews/requiredFiles/projectListEvents.js","https://github.com/NotePlan/plugins/blob/7e6d83af2086e1305c068a65d8497945117e2db9/jgclark.Reviews/requiredFiles/projectListEvents.js","https://raw.githubusercontent.com/NotePlan/plugins/HEAD/jgclark.Reviews/requiredFiles/projectListEvents.js",181,68,"The main NotePlan repository, which contains the source code for all NotePlan plugins. If a release entry has been created, it will be available for installation from within NotePlan application.",348,"/* eslint-disable no-undef */ /* eslint-disable no-unused-vars */ //-------------------------------------------------------------------------------------- // Scripts for setting up and handling all of the HTML events in Project Lists // Last updated: 2025-02-06 for v1.1.0 by @jgclark //--------------------------------------------------------------------------------------  // Add event handlers // Note: // Not yet used // addIconClickEventListeners() // addContentEventListeners() // addReviewProjectEventListeners()  addCommandButtonEventListeners()  //-------------------------------------------------------------------------------------- // Show Modal Dialog  /**  * Show the action dialog to use on Project items  * @param {any} dataObject   */ function showProjectControlDialog(dataObject) {   const openDialog = () => {     dialog.showModal()   }    const closeDialog = () => {     dialog.close()   }    const dialog = document.getElementById(""projectControlDialog"")   const mousex = event.clientX  // Horizontal   const mousey = event.clientY  // Vertical   const thisID = dataObject.itemID   const thisIDElement = document.getElementById(thisID)    // Set the dialog title from the filename or title   const thisEncodedFilename = dataObject.encodedFilename // i.e. the ""data-encoded-filename"" element, with auto camelCase transposition   const thisFilename = decodeRFC3986URIComponent(dataObject.encodedFilename)   const thisTitle = decodeRFC3986URIComponent(dataObject.encodedTitle)   const dialogItemNoteElem = document.getElementById('dialogProjectNote')   dialogItemNoteElem.innerHTML = thisTitle ?? thisFilename    // Set the dialog interval from the note   const thisReviewInterval = dataObject.reviewInterval ?? ''   const dialogItemIntervalElem = document.getElementById('dialogProjectInterval')   dialogItemIntervalElem.innerHTML = ` (reviews: ${thisReviewInterval})`    console.log(`showProjectControlDialog() starting for filename '${thisFilename}', interval '${thisReviewInterval}', title '${thisTitle}'`)    const possibleControlTypes = [     // { displayString: 'Finish Review <i class=""fa-solid fa-flag-checkered""></i>', controlStr: 'reviewed', handlingFunction: 'reviewFinished' },     { controlStr: 'finish', handlingFunction: 'reviewFinished' },     { controlStr: 'nr+1w', handlingFunction: 'setNextReviewDate' },     { controlStr: 'nr+2w', handlingFunction: 'setNextReviewDate' },     { controlStr: 'nr+1m', handlingFunction: 'setNextReviewDate' },     { controlStr: 'nr+1q', handlingFunction: 'setNextReviewDate' },     { controlStr: 'newrevint', handlingFunction: 'setNewReviewInterval' },     { controlStr: 'progress', handlingFunction: 'addProgress' },     { controlStr: 'pause', handlingFunction: 'togglePause' },     { controlStr: 'complete', handlingFunction: 'completeProject' },     { controlStr: 'cancel', handlingFunction: 'cancelProject' },   ]    let allDialogButtons = document.getElementById(""projectDialogButtons"").getElementsByTagName(""BUTTON"")   // remove previous event handlers   // V1: simple 'button.removeEventListener('click', function (event) { ...}, false) didn't work for some reason   // V2 Instead: Workaround suggested by Codeium AI:   // Clone all the button elements, and then remove them. Requires re-finding all references afterwards.   let removed = 0   for (const button of allDialogButtons) {     const clonedButton = button.cloneNode(true)     // Replace the original element with the cloned element     button.parentNode.replaceChild(clonedButton, button)     removed++   }   console.log(`- removed ${String(removed)} buttons' ELs`)    // Register click handlers for each button in the dialog with details of this item   // Using [HTML data attributes](https://developer.mozilla.org/en-US/docs/Learn/HTML/Howto/Use_data_attributes)   allDialogButtons = document.getElementById(""projectDialogButtons"").getElementsByTagName(""BUTTON"")   let added = 0   for (const button of allDialogButtons) {     // Ignore the mainButton(s) (e.g. 'Close')     if (button.className === 'mainButton') {       continue     }     const thisControlStr = button.dataset.controlStr     const functionToInvoke = possibleControlTypes.filter((p) => p.controlStr === thisControlStr)[0].handlingFunction ?? '?'     const buttonDisplayString = possibleControlTypes.filter((p) => p.controlStr === thisControlStr)[0].displayString ?? '?'     // console.log(`- adding button for ${thisControlStr} / ${functionToInvoke}`)      // add event handler and make visible     // console.log(`- displaying button ${thisControlStr}`)     button.addEventListener('click', function (event) {       event.preventDefault()       handleButtonClick(functionToInvoke, thisControlStr, thisEncodedFilename, event.metaKey)     }, false)     // Set button visible     button.style.display = ""inline-block""     added++   }    console.log(`- ${String(added)} button ELs added`)    // Add click handler to close dialog when clicking outside   dialog.addEventListener('click', (event) => { "
19,"codeium","written by","JavaScript","Aphelion-im/Code-snippets","fizzbuzz-ai-version.js","https://github.com/Aphelion-im/Code-snippets/blob/0a458fe6216fbb9c7381348b43cf757ea8e028d2/fizzbuzz-ai-version.js","https://raw.githubusercontent.com/Aphelion-im/Code-snippets/HEAD/fizzbuzz-ai-version.js",0,0,"Miscellaneous code snippets and scripts",30,"// Written by Codeium A.I. function fizzBuzz(n) {   const result = [];    for (let i = 1; i <= n; i++) {     const isFizz = i % 3 === 0;     const isBuzz = i % 5 === 0;      let output = '';      if (isFizz) {       output += 'Fizz';     }      if (isBuzz) {       output += 'Buzz';     }      result.push(output || i);   }    return result; }  // Test const range = 100; console.log(fizzBuzz(range));   "